<?xml version="1.0" encoding="utf-8" ?>

<component name="BrowseOfflineChannelItem" extends="Group">

    <interface>
        <field id="itemContent" type="node" onChange="showContent" />
        <field id="itemHasFocus" type="Boolean" />
    </interface>

    <script type="text/brightscript" uri="pkg:/components/BrowseOfflineChannelItem.brs" />

    <children>

        <Poster 
            id="itemThumbnail"
            height = "150"
			width = "150"
			loadWidth = "150"
			loadHeight = "150"
			loadDisplayMode = "scaleToFit" />
        <Label
            id = "itemStreamer"
            height = "30"
            width = "175"
            horizAlign = "left"
            color = "0xFFFFFFFF"
            translation = "[0, 160]" >
            <Font role = "font" uri = "pkg:/fonts/Roobert-Regular.ttf" size = "16" />
		</Label>

    </children>

</component>
