<?xml version="1.0" encoding="utf-8" ?>

<component name="BrowseChannelItem" extends="Group">

    <interface>
        <field id="itemContent" type="node" onChange="showContent" />
        <field id="itemHasFocus" type="Boolean" />
    </interface>

    <script type="text/brightscript" uri="pkg:/components/BrowseChannelItem.brs" />

    <children>

        <Poster 
            id="itemThumbnail"
            height = "180"
			width = "320"
			loadWidth = "320"
			loadHeight = "180"
			loadDisplayMode = "scaleToFit" />
        <ScrollingLabel
            id = "itemTitle"
            height = "30"
            maxWidth = "320"
            horizAlign = "left"
            repeatCount = "0"
            color = "0xFFFFFFFF"
            translation = "[0, 190]" >
            <Font role = "font" uri = "pkg:/fonts/Inter-SemiBold.ttf" size = "16" />
		</ScrollingLabel>
        <Label
            id = "itemStreamer"
            height = "30"
            width = "320"
            horizAlign = "left"
            color = "0xFFFFFFFF"
            translation = "[0, 210]" >
            <Font role = "font" uri = "pkg:/fonts/Inter-Regular.ttf" size = "16" />
		</Label>
        <Label
            id = "itemCategory"
            height = "30"
            width = "320"
            horizAlign = "left"
            color = "0xFFFFFFFF"
            translation = "[0, 230]" >
            <Font role = "font" uri = "pkg:/fonts/Inter-Regular.ttf" size = "16" />
		</Label>
        <Poster
            id="viewsRect"
            uri="pkg:/images/live_rectangle.9.png"
            translation="[2,157]" >
            <!---
            <Label
                id = "itemViewers"
                horizAlign = "left"
                color = "0xFFFFFFFF"
                translation = "[16, 1]" >
                <Font role = "font" uri = "pkg:/fonts/Inter-Regular.ttf" size = "8" /> 
            </Label>-->
            <Poster
                uri="pkg:/images/live.png"
                translation="[5,5]" />
        </Poster>
        <!--
        <Rectangle
            id="viewsRect"
            color="0x000000FF"
            visible="true"
            width="93"
            height="22"
            translation="[2,157]" /> -->

        <Label
            id = "itemViewers"
            horizAlign = "left"
            color = "0xFFFFFFFF"
            translation = "[15,157]" >
            <Font role = "font" uri = "pkg:/fonts/Inter-Regular.ttf" size = "14" />
		</Label>


    </children>

</component>
