<?xml version="1.0" encoding="utf-8" ?>

<component name="ChannelVideoItem" extends="Group">

    <interface>
        <field id="itemContent" type="node" onChange="showContent" />
        <field id="itemHasFocus" type="Boolean" />
    </interface>

    <script type="text/brightscript" uri="pkg:/components/ChannelVideoItem.brs" />

    <children>

        <Poster 
            id="itemThumbnail"
            height = "180"
			width = "320"
			loadWidth = "320"
			loadHeight = "180"
			loadDisplayMode = "scaleToFit" >
            
            <!---
            <Rectangle
                id="viewsRect"
                color="0x18181BCC"
                visible="true"
                width="93"
                height="22"
                translation="[2,157]" />
            <Label
                id = "itemViewers"
                height = "30"
                width = "320"
                horizAlign = "left"
                color = "0xFFFFFFFF"
                translation = "[0, 160]" >
                <Font role = "font" uri = "pkg:/fonts/Inter-Regular.ttf" size = "14" />
            </Label> -->

            <!--<Rectangle
                color="0x18181BCC"
                visible="true"
                width="93"
                height="22"
                translation="[2,20]" /> -->
            
            <Poster
                id="viewsRect"
                uri="pkg:/images/live_rectangle.9.png"
                opacity="0.8"
                translation="[235,160]" >
                <!---
                <Label
                    id = "itemViewers"
                    horizAlign = "left"
                    color = "0xFFFFFFFF"
                    translation = "[16, 1]" >
                    <Font role = "font" uri = "pkg:/fonts/Inter-Regular.ttf" size = "8" /> 
                </Label>-->
                <Label
                    id = "itemDuration"
                    horizAlign = "left"
                    color = "0xFFFFFFFF"
                    translation = "[7, 0]" >
                    <Font role = "font" uri = "pkg:/fonts/Inter-Regular.ttf" size = "14" />
                </Label>
            </Poster>
            
            <!--<Label
                id = "itemDuration"
                horizAlign = "left"
                color = "0xFFFFFFFF"
                translation = "[210, 160]" >
                <Font role = "font" uri = "pkg:/fonts/Inter-Regular.ttf" size = "14" />
            </Label>-->

            <!---
            <Label
                id = "itemPosted"
                height = "30"
                width = "90"
                horizAlign = "left"
                color = "0xFFFFFFFF"
                translation = "[200, 160]" >
                <Font role = "font" uri = "pkg:/fonts/Inter-Regular.ttf" size = "14" />
            </Label> -->
        </Poster>

        <ScrollingLabel
            id = "itemTitle"
            height = "30"
            maxWidth = "320"
            horizAlign = "left"
            repeatCount = "0"
            color = "0xFFFFFFFF"
            translation = "[0, 190]" >
            <Font role = "font" uri = "pkg:/fonts/Inter-SemiBold.ttf" size = "16" />
		</ScrollingLabel>
        <Label
            id = "itemPosted"
            height = "30"
            width = "120"
            horizAlign = "left"
            color = "0xFFFFFFFF"
            translation = "[0, 210]" >
            <Font role = "font" uri = "pkg:/fonts/Inter-Regular.ttf" size = "14" />
        </Label>
        <Label
            id = "itemStreamer"
            height = "30"
            width = "320"
            horizAlign = "left"
            color = "0xFFFFFFFF"
            translation = "[0, 210]" >
            <Font role = "font" uri = "pkg:/fonts/Inter-Regular.ttf" size = "16" />
		</Label>
        <Label
            id = "itemCategory"
            height = "30"
            width = "320"
            horizAlign = "left"
            color = "0xFFFFFFFF"
            translation = "[0, 230]" >
            <Font role = "font" uri = "pkg:/fonts/Inter-Regular.ttf" size = "16" />
		</Label>


    </children>

</component>
