<?xml version="1.0" encoding="utf-8" ?>

<component name="ChatTest" extends="Task">

    <interface>
        <field id="channel" type="string" />
        <field id="loggedInUsername" type="string" value="" />
        <field id="readyForNextComment" type="bool" value="true" />
        <field id="nextComment" type="string" />
        <field id="clientComment" type="string" />
        <field id="sendMessage" type="string" />
    </interface>
    
    <script type="text/brightscript" uri="pkg:/components/ChatTest.brs" />
    <script type="text/brightscript" uri="pkg:/components/UrlFunctions.brs" />

</component>
