<?xml version="1.0" encoding="utf-8" ?>

<component name="CustomVideo" extends="Video">

    <interface>
        <field id="thumbnailInfo" type="assocarray" />
        <field id="videoBookmarks" type="assocarray" />
        <field id="back" type="bool" value="false" />
        <field id="toggleChat" type="bool" value="false" />
        <field id="chatIsVisible" type="bool" />

        <field id="channelAvatar" type="string" alwaysNotify="true" />
        <field id="channelUsername" type="string" />
        <field id="videoTitle" type="string" />
        <field id="streamDurationSeconds" type="Integer" value="0" />
    </interface>
    
    <script type="text/brightscript" uri="pkg:/components/CustomVideo.brs" />

    <children>
        <Poster
            id="timeTravelRect"
            uri="pkg:/images/timeTravelRect.png"
            width="500"
            height="300"
            visible="false"
            translation="[390,210]" >

            <SimpleLabel
                translation="[203,34]"
                text="Timetravel"
                color="0xFFFFFFFF"
                fontSize="18"
                fontUri="pkg:/fonts/Inter-Regular.ttf" />
            <SimpleLabel
                translation="[110,59]"
                text="Fast forward to a select time in your video."
                color="0xC4C4C4FF"
                fontSize="14"
                fontUri="pkg:/fonts/Inter-Regular.ttf" />
            <SimpleLabel
                translation="[120,180]"
                text="Move with your arrows to each number, and"
                color="0xC4C4C4FF"
                fontSize="12"
                fontUri="pkg:/fonts/Inter-Regular.ttf" />
            <SimpleLabel
                translation="[120,195]"
                text="press up/down to change the desired time."
                color="0xC4C4C4FF"
                fontSize="12"
                fontUri="pkg:/fonts/Inter-Regular.ttf" />

            <Group id="arrows">
                <Poster
                    uri="pkg:/images/arrow-up.png"
                    width="15.67"
                    height="4.36"
                    blendColor="0xDC79FFFF"
                    translation="[-8,0]" />
                <Poster
                    uri="pkg:/images/arrow-down.png"
                    width="15.67"
                    height="4.36"
                    blendColor="0xDC79FFFF"
                    translation="[-8,50]" />
            </Group>

            <Poster
                id="hour0"
                uri="pkg:/images/unfocusedTimeSlot.png"
                width="36"
                height="42"
                translation="[120,107]" >
                <SimpleLabel
                    translation="[8,4]"
                    text="0"
                    color="0x3F3F3FFF"
                    fontSize="32"
                    fontUri="pkg:/fonts/JetBrainsMono-Bold.ttf" />
            </Poster>
            <Poster
                id="hour1"
                uri="pkg:/images/unfocusedTimeSlot.png"
                width="36"
                height="42"
                translation="[158,107]" >
                <SimpleLabel
                    translation="[8,4]"
                    text="0"
                    color="0x3F3F3FFF"
                    fontSize="32"
                    fontUri="pkg:/fonts/JetBrainsMono-Bold.ttf" />
            </Poster>
            <Poster
                id="minute0"
                uri="pkg:/images/unfocusedTimeSlot.png"
                width="36"
                height="42"
                translation="[213,107]" >
                <SimpleLabel
                    translation="[8,4]"
                    text="0"
                    color="0x3F3F3FFF"
                    fontSize="32"
                    fontUri="pkg:/fonts/JetBrainsMono-Bold.ttf" />
            </Poster>
            <Poster
                id="minute1"
                uri="pkg:/images/unfocusedTimeSlot.png"
                width="36"
                height="42"
                translation="[251,107]" >
                <SimpleLabel
                    translation="[8,4]"
                    text="0"
                    color="0x3F3F3FFF"
                    fontSize="32"
                    fontUri="pkg:/fonts/JetBrainsMono-Bold.ttf" />
            </Poster>
            <Poster
                id="second0"
                uri="pkg:/images/unfocusedTimeSlot.png"
                width="36"
                height="42"
                translation="[306,107]" >
                <SimpleLabel
                    translation="[8,4]"
                    text="0"
                    color="0x3F3F3FFF"
                    fontSize="32"
                    fontUri="pkg:/fonts/JetBrainsMono-Bold.ttf" />
            </Poster>
            <Poster
                id="second1"
                uri="pkg:/images/unfocusedTimeSlot.png"
                width="36"
                height="42"
                translation="[344,107]" >
                <SimpleLabel
                    translation="[8,4]"
                    text="0"
                    color="0x3F3F3FFF"
                    fontSize="32"
                    fontUri="pkg:/fonts/JetBrainsMono-Bold.ttf" />
            </Poster>

            <SimpleLabel
                translation="[196,114]"
                text=":"
                color="0xFFFFFFFF"
                fontSize="24"
                fontUri="pkg:/fonts/JetBrainsMono-Bold.ttf" />
            <SimpleLabel
                translation="[289,114]"
                text=":"
                color="0xFFFFFFFF"
                fontSize="24"
                fontUri="pkg:/fonts/JetBrainsMono-Bold.ttf" />

            <Rectangle
                id="cancelButton"
                color="0xC4C4C4FF"
                width="200"
                height="42"
                opacity="0.5"
                translation="[45,230]" >
                <SimpleLabel
                    translation="[50,14]"
                    text="CANCEL"
                    color="0x060609FF"
                    fontSize="12"
                    fontUri="pkg:/fonts/Inter-Regular.ttf" />
            </Rectangle>
            <Rectangle
                id="acceptButton"
                color="0xDC79FFFF"
                width="200"
                height="42"
                opacity="0.5"
                translation="[255,230]" >
                <SimpleLabel
                    translation="[50,14]"
                    text="ACCEPT"
                    color="0x060609FF"
                    fontSize="12"
                    fontUri="pkg:/fonts/Inter-Regular.ttf" />
            </Rectangle>
        </Poster>

        <Group id="progressBar" translation="[0,620]" >
            <MaskGroup maskuri = "pkg:/images/vertical-mask-down.png" masksize = "[2,200]" translation="[0,-620]" >
                <Rectangle width="1280" height="200" color="0x000000FF" />
            </MaskGroup>
            <MaskGroup maskuri = "pkg:/images/vertical-mask.png" masksize = "[2,200]" translation="[0,-100]" >
                <Rectangle width="1280" height="200" color="0x000000FF" />
            </MaskGroup>
            <SimpleLabel
                id="timeProgress"
                fontUri="pkg:/fonts/JetBrainsMono-Regular.ttf"
                fontSize="10"
                translation="[40,61]" />
             <SimpleLabel
                id="timeDuration"
                fontUri="pkg:/fonts/JetBrainsMono-Regular.ttf"
                fontSize="10"
                translation="[1198,61]" />
            <Rectangle
                id="progressBarBase"
                color="0xC3C3C3FF"
                width="1200"
                height="2"
                translation="[40,83]" />
            <Rectangle
                id="progressBarProgress"
                color="0xBD00FFFF"
                width="0"
                height="2"
                translation="[40,83]" />
            <Poster
                id="bg-glow"
                uri="pkg:/images/bg-glow.png"
                width="60"
                height="60"
                visible="true"
                translation="[611,31]" />
            <Poster
                id="progressDot"
                uri="pkg:/images/progressDot.png"
                width="14"
                height="13"
                visible="true"
                translation="[40,83]" />
            <Poster
                id="controlButton"
                uri="pkg:/images/pause.png"
                width="14"
                height="16"
                translation="[634,53]" />
            <!--<Rectangle
                id="controlSelectRect"
                color="0xFFFFFF99"
                width="50"
                height="50"
                translation="[60,45]" />-->
            <Poster
                id="timeTravelButton"
                uri="pkg:/images/TimeTravel.png"
                width="25"
                height="21"
                translation="[548,51]" />
            <Poster
                id="messagesButton"
                uri="pkg:/images/messages.png"
                width="24.84"
                height="20.04"
                translation="[710,52]" />
            <!--<Poster
                id="backButton"
                uri="pkg:/images/back.png"
                width="16.32"
                height="13.32"
                translation="[50,-605]" />-->

            <MaskGroup id="profileImageMask" maskuri = "pkg:/images/profile-mask.png" masksize = "[50,50]" translation="[15,-603]" >
                <Poster id="avatar" width="50" height="50" />
            </MaskGroup>

            <SimpleLabel
                id="videoTitle"
                translation="[82,-594]"
                text="Stream Title"
                color="0xFFFFFFFF"
                fontSize="18"
                fontUri="pkg:/fonts/Inter-SemiBold.ttf" />
            <SimpleLabel
                id="channelUsername"
                translation="[82,-572]"
                text="Streamer Username"
                color="0xFFFFFFFF"
                fontSize="12"
                fontUri="pkg:/fonts/Inter-Regular.ttf" />

            <Group id="thumbnails" clippingRect="[0,0,220,124]" translation="[0,-150]" >
                <Poster
                    id="thumbnailImage" />
            </Group>
        </Group>
        <LoadingIndicator 
            id="loadingIndicator"
            imageUri="pkg:/images/spinner.png"
            clockwise="true"
            spinInterval="1"
            fadeInterval="0.2"
            width="64"
            height="64"
            imageWidth="100"
            imageHeight="98"
            backgroundOpacity="0"
            centered="false"
            translation="[580,300]" />
    </children>

</component>
