<?xml version="1.0" encoding="utf-8" ?>

<component name="FollowedStreamsBar" extends="Group">

    <interface>
        <field id="focused" type="bool" value="false" onChange="onGetFocus" />
        <field id="streamerSelected" type="string" alwaysNotify="true" />
        <field id="followedStreams" type="array" onChange="onFollowedStreamsChange" />
    </interface>

    <script type="text/brightscript" uri="pkg:/components/FollowedStreamsBar.brs" />

    <children>

        <Rectangle
            visible="true"
            color="0x26262CFF"
            width="78"
            height="1000"
            translation="[0,0]" />
        
        <Poster
            uri="pkg:/images/live_rectangle.9.png"
            width="50"
            height="20"
            translation="[10,10]" >
            <Label
                text = "LIVE"
                horizAlign = "left"
                color = "0xFFFFFFFF"
                translation = "[17,1]" >
                <Font role = "font" uri = "pkg:/fonts/Inter-Regular.ttf" size = "12" />
            </Label>
            <Poster
                uri="pkg:/images/live.png"
                translation="[5,5]" />
        </Poster>

    </children>

</component>
