<?xml version="1.0" encoding="utf-8" ?>

<component name="OfflineChannelList" extends="Group">

    <interface>
        <field id="focused" type="bool" value="false" onChange="onGetFocus" />
        <field id="channelSelected" type="string" alwaysNotify="true" />
        <field id="offlineChannels" type="array" onChange="onOfflineChannelsChange" />
    </interface>

    <script type="text/brightscript" uri="pkg:/components/OfflineChannelList.brs" />

    <children>

    </children>

</component>
